cls,clip,user,frames,fps,dur_clip_s,n_base,n_mod,delta_n,mean_base,mean_mod,lt1_base,lt1_mod
2,12Diciembre2025_12Diciembre2025_Cervezas_Cervezas_manana_003702_003747_2,user_183,534,12.380000,43.134,248,136,-112,2.169,4.129,119,13
2,12Diciembre2025_12Diciembre2025_Cervezas_Cervezas_manana_010209_010239_2,user_315,370,12.380000,29.887,87,34,-53,3.751,9.415,36,0
2,12Diciembre2025_12Diciembre2025_Cervezas_Cervezas_manana_010310_010320_2,user_316,123,12.380000,9.935,53,37,-16,2.870,4.283,12,1
2,12Diciembre2025_12Diciembre2025_Cervezas_Cervezas_manana_013000_013010_2,user_421,73,12.380000,5.897,60,34,-26,0.988,1.958,40,7
2,12Diciembre2025_12Diciembre2025_Cervezas_Cervezas_tarde_004050_004135_2,user_542,555,12.333333,45.000,136,65,-71,3.556,7.892,61,8
2,12Diciembre2025_12Diciembre2025_Cervezas_Cervezas_tarde_005305_005350_2,user_589,532,12.333333,43.135,133,81,-52,3.098,5.726,70,14
2,12Diciembre2025_12Diciembre2025_Cervezas_Cervezas_tarde_005712_005742_2,user_603,341,12.333333,27.649,109,68,-41,3.834,6.292,43,11
2,12Diciembre2025_12Diciembre2025_Confituras_Confituras_tarde_005321_005336_2,user_1383,179,12.000000,14.917,76,45,-31,2.113,3.539,44,11
2,12Diciembre2025_12Diciembre2025_Pasillo_Conservas_Conservas_manana_1_005032_005045_2,user_1840,159,12.250000,12.980,52,36,-16,3.003,4.707,19,3
2,12Diciembre2025_12Diciembre2025_Pasillo_Conservas_Conservas_manana_1_005541_005559_2,user_1853,220,12.250000,17.959,81,47,-34,2.566,4.790,41,6
2,12Diciembre2025_12Diciembre2025_Pasillo_Conservas_Conservas_tarde_010943_010954_2,user_2110,134,12.250000,10.939,66,38,-28,2.296,3.968,35,2
2,12Diciembre2025_12Diciembre2025_Pasillo_Conservas_Conservas_tarde_010954_010958_2,user_2110,49,12.250000,4.000,37,31,-6,1.432,1.685,11,6
2,12Diciembre2025_12Diciembre2025_Pasillo_Conservas_Conservas_tarde_011400_011413_2,user_2119,131,12.250000,10.694,71,35,-36,2.024,4.138,32,7
2,12Diciembre2025_12Diciembre2025_Pasillo_Conservas_Conservas_tarde_011454_011524_2,user_2121,367,12.250000,29.959,63,41,-22,6.987,10.969,22,1
2,12Diciembre2025_12Diciembre2025_Pasillo_Legumbres_Legumbres_manana_003908_003919_2,user_2263,135,12.250000,11.020,31,27,-4,2.957,3.583,8,4
2,12Diciembre2025_12Diciembre2025_Pasillo_Legumbres_Legumbres_manana_010358_010443_2,user_2368,552,12.250000,45.061,51,35,-16,10.130,15.268,15,2
2,12Diciembre2025_12Diciembre2025_Pasillo_Legumbres_Legumbres_tarde_005941_010009_2,user_2610,340,12.166667,27.945,69,38,-31,4.157,7.743,29,1
2,12Diciembre2025_12Diciembre2025_Pasillo_Legumbres_Legumbres_tarde_010009_010104_2,user_2610,670,12.166667,55.068,81,44,-37,6.726,12.474,32,1
2,12Diciembre2025_12Diciembre2025_Pasillo_Legumbres_Legumbres_tarde_010311_010340_2,user_2623,346,12.166667,28.438,141,49,-92,2.727,7.709,90,6
2,13Diciembre2025_13Diciembre2025_Mañana_cerveza_manana_000009_000050_2,user_2659,488,12.392272,39.379,144,74,-70,3.328,6.771,73,7
2,13Diciembre2025_13Diciembre2025_Mañana_cerveza_manana_001453_001506_2,user_2706,160,12.416667,12.886,42,28,-14,2.445,4.033,16,4
2,13Diciembre2025_13Diciembre2025_Mañana_cerveza_manana_002830_002852_2,user_2740,273,12.371350,22.067,72,35,-37,2.573,5.545,44,4
2,13Diciembre2025_13Diciembre2025_Mañana_cerveza_manana_003730_003807_2,user_2759,457,12.389615,36.886,110,52,-58,3.413,7.196,54,1
2,13Diciembre2025_13Diciembre2025_Mañana_cerveza_manana_004405_004448_2,user_2774,533,12.393414,43.007,131,79,-52,3.268,6.046,52,4
2,13Diciembre2025_13Diciembre2025_Mañana_cerveza_manana_005905_005949_2,user_2824,471,12.393926,38.002,199,106,-93,1.960,4.023,85,11
2,13Diciembre2025_13Diciembre2025_Mañana_cerveza_manana_010403_010434_2,user_2835,249,12.384416,20.106,47,18,-29,1.673,4.414,23,3
2,13Diciembre2025_13Diciembre2025_Mañana_cerveza_manana_010450_010522_2,user_2837,270,12.385390,21.800,82,47,-35,3.009,5.085,35,7
2,13Diciembre2025_13Diciembre2025_Mañana_cerveza_manana_012009_012046_2,user_2930,457,12.389615,36.886,95,53,-42,4.785,9.622,26,2
2,13Diciembre2025_13Diciembre2025_Mañana_cerveza_manana_012435_012444_2,user_2980,111,12.416667,8.940,40,21,-19,2.094,3.774,20,5
2,15Diciembre2025_15Diciembre2025_cam1_17_00___21_00_002040_002124_2,user_3064,535,12.143968,44.055,143,76,-67,3.437,6.509,61,10
2,15Diciembre2025_15Diciembre2025_cam1_17_00___21_00_002525_002550_2,user_3076,304,12.166667,24.986,146,73,-73,1.836,3.869,77,10
2,15Diciembre2025_15Diciembre2025_cam2_17_00_00____21_00_00_000606_000614_2,user_3802,61,12.166667,5.014,45,23,-22,0.904,2.048,31,5
2,15Diciembre2025_15Diciembre2025_cam2_17_00_00____21_00_00_000858_000924_2,user_3807,316,12.166667,25.973,79,47,-32,4.267,7.331,29,5
2,15Diciembre2025_15Diciembre2025_cam2_17_00_00____21_00_00_001718_001738_2,user_3831,243,12.166667,19.973,107,54,-53,2.431,4.691,51,7
2,15Diciembre2025_15Diciembre2025_cam2_17_00_00____21_00_00_002157_002209_2,user_3848,66,12.166667,5.425,20,11,-9,2.384,4.222,10,2
2,15Diciembre2025_15Diciembre2025_cam2_17_00_00____21_00_00_003104_003121_2,user_3908,207,12.166667,17.014,105,45,-60,1.999,5.023,61,5
2,15Diciembre2025_15Diciembre2025_cam2_9_00_00____14_15_00_005552_005619_2,user_3427,305,12.166667,25.068,106,58,-48,2.302,4.270,60,10
2,15Diciembre2025_15Diciembre2025_cam2_9_00_00____14_15_00_014524_014528_2,user_3746,48,12.166667,3.945,34,20,-14,1.417,2.807,17,1
2,15Diciembre2025_15Diciembre2025_cam3_9_00_00____14_15_00_1_000541_000543_2,user_4440,24,11.880000,2.020,17,13,-4,1.421,1.768,4,1
2,15Diciembre2025_15Diciembre2025_cam3_9_00_00____14_15_00_1_000616_000622_2,user_4444,49,11.880000,4.125,39,20,-19,1.001,2.189,26,4
6,robos_3_clips_clip61_000000_000020_6,user_15361,249,12.500000,19.920,134,66,-68,1.970,4.362,71,9
6,robos_3_clips_clip62_000000_000015_6,user_15362,187,12.500000,14.960,103,57,-46,1.822,3.366,54,12
6,robos_3_clips_clip63_000000_000010_6,user_15363,124,12.500000,9.920,36,30,-6,4.262,5.165,5,3
6,robos_3_clips_clip64_000000_000014_6,user_15364,174,12.500000,13.920,53,36,-17,3.330,4.936,24,4
6,robos_3_clips_clip65_000000_000014_6,user_15364,175,12.500000,14.000,89,59,-30,2.200,3.357,35,8
6,robos_3_clips_clip66_000000_000013_6,user_15366,162,12.500000,12.960,46,31,-15,3.958,6.026,11,3
